Date,Country_code,Country,WHO_region,New_cases,Cumulative_cases,New_deaths,Cumulative_deaths,Month,Year,Year_Month
2020-01-03,US,United States of America,AMRO,0,0,0,0,01,2020,2020-01
2020-01-04,US,United States of America,AMRO,0,0,0,0,01,2020,2020-01
2020-01-05,US,United States of America,AMRO,0,0,0,0,01,2020,2020-01
2020-01-06,US,United States of America,AMRO,0,0,0,0,01,2020,2020-01
2020-01-07,US,United States of America,AMRO,0,0,0,0,01,2020,2020-01
2020-01-08,US,United States of America,AMRO,0,0,0,0,01,2020,2020-01
2020-01-09,US,United States of America,AMRO,0,0,0,0,01,2020,2020-01
2020-01-10,US,United States of America,AMRO,0,0,0,0,01,2020,2020-01
2020-01-11,US,United States of America,AMRO,0,0,0,0,01,2020,2020-01
2020-01-12,US,United States of America,AMRO,0,0,0,0,01,2020,2020-01
2020-01-13,US,United States of America,AMRO,0,0,0,0,01,2020,2020-01
2020-01-14,US,United States of America,AMRO,0,0,0,0,01,2020,2020-01
2020-01-15,US,United States of America,AMRO,0,0,0,0,01,2020,2020-01
2020-01-16,US,United States of America,AMRO,0,0,0,0,01,2020,2020-01
2020-01-17,US,United States of America,AMRO,0,0,0,0,01,2020,2020-01
2020-01-18,US,United States of America,AMRO,0,0,0,0,01,2020,2020-01
2020-01-19,US,United States of America,AMRO,0,0,0,0,01,2020,2020-01
2020-01-20,US,United States of America,AMRO,1,1,0,0,01,2020,2020-01
2020-01-21,US,United States of America,AMRO,0,1,0,0,01,2020,2020-01
2020-01-22,US,United States of America,AMRO,0,1,0,0,01,2020,2020-01
2020-01-23,US,United States of America,AMRO,0,1,0,0,01,2020,2020-01
2020-01-24,US,United States of America,AMRO,0,1,0,0,01,2020,2020-01
2020-01-25,US,United States of America,AMRO,0,1,0,0,01,2020,2020-01
2020-01-26,US,United States of America,AMRO,1,2,0,0,01,2020,2020-01
2020-01-27,US,United States of America,AMRO,0,2,0,0,01,2020,2020-01
2020-01-28,US,United States of America,AMRO,1,3,0,0,01,2020,2020-01
2020-01-29,US,United States of America,AMRO,0,3,0,0,01,2020,2020-01
2020-01-30,US,United States of America,AMRO,0,3,0,0,01,2020,2020-01
2020-01-31,US,United States of America,AMRO,0,3,0,0,01,2020,2020-01
2020-02-01,US,United States of America,AMRO,0,3,0,0,02,2020,2020-02
2020-02-02,US,United States of America,AMRO,1,4,0,0,02,2020,2020-02
2020-02-03,US,United States of America,AMRO,1,5,0,0,02,2020,2020-02
2020-02-04,US,United States of America,AMRO,3,8,0,0,02,2020,2020-02
2020-02-05,US,United States of America,AMRO,3,11,0,0,02,2020,2020-02
2020-02-06,US,United States of America,AMRO,0,11,0,0,02,2020,2020-02
2020-02-07,US,United States of America,AMRO,0,11,0,0,02,2020,2020-02
2020-02-08,US,United States of America,AMRO,0,11,0,0,02,2020,2020-02
2020-02-09,US,United States of America,AMRO,1,12,0,0,02,2020,2020-02
2020-02-10,US,United States of America,AMRO,0,12,0,0,02,2020,2020-02
2020-02-11,US,United States of America,AMRO,0,12,0,0,02,2020,2020-02
2020-02-12,US,United States of America,AMRO,0,12,0,0,02,2020,2020-02
2020-02-13,US,United States of America,AMRO,0,12,0,0,02,2020,2020-02
2020-02-14,US,United States of America,AMRO,1,13,0,0,02,2020,2020-02
2020-02-15,US,United States of America,AMRO,1,14,0,0,02,2020,2020-02
2020-02-16,US,United States of America,AMRO,0,14,0,0,02,2020,2020-02
2020-02-17,US,United States of America,AMRO,0,14,0,0,02,2020,2020-02
2020-02-18,US,United States of America,AMRO,0,14,0,0,02,2020,2020-02
2020-02-19,US,United States of America,AMRO,2,16,0,0,02,2020,2020-02
2020-02-20,US,United States of America,AMRO,5,21,0,0,02,2020,2020-02
2020-02-21,US,United States of America,AMRO,3,24,0,0,02,2020,2020-02
2020-02-22,US,United States of America,AMRO,1,25,0,0,02,2020,2020-02
2020-02-23,US,United States of America,AMRO,5,30,0,0,02,2020,2020-02
2020-02-24,US,United States of America,AMRO,6,36,0,0,02,2020,2020-02
2020-02-25,US,United States of America,AMRO,0,36,0,0,02,2020,2020-02
2020-02-26,US,United States of America,AMRO,4,40,0,0,02,2020,2020-02
2020-02-27,US,United States of America,AMRO,4,44,0,0,02,2020,2020-02
2020-02-28,US,United States of America,AMRO,8,52,0,0,02,2020,2020-02
2020-02-29,US,United States of America,AMRO,5,57,1,1,02,2020,2020-02
2020-03-01,US,United States of America,AMRO,4,61,0,1,03,2020,2020-03
2020-03-02,US,United States of America,AMRO,9,70,1,2,03,2020,2020-03
2020-03-03,US,United States of America,AMRO,18,88,0,2,03,2020,2020-03
2020-03-04,US,United States of America,AMRO,36,124,6,8,03,2020,2020-03
2020-03-05,US,United States of America,AMRO,51,175,3,11,03,2020,2020-03
2020-03-06,US,United States of America,AMRO,70,245,4,15,03,2020,2020-03
2020-03-07,US,United States of America,AMRO,78,323,3,18,03,2020,2020-03
2020-03-08,US,United States of America,AMRO,130,453,3,21,03,2020,2020-03
2020-03-09,US,United States of America,AMRO,146,599,5,26,03,2020,2020-03
2020-03-10,US,United States of America,AMRO,214,813,4,30,03,2020,2020-03
2020-03-11,US,United States of America,AMRO,390,1203,4,34,03,2020,2020-03
2020-03-12,US,United States of America,AMRO,498,1701,7,41,03,2020,2020-03
2020-03-13,US,United States of America,AMRO,534,2235,12,53,03,2020,2020-03
2020-03-14,US,United States of America,AMRO,724,2959,7,60,03,2020,2020-03
2020-03-15,US,United States of America,AMRO,951,3910,11,71,03,2020,2020-03
2020-03-16,US,United States of America,AMRO,1217,5127,13,84,03,2020,2020-03
2020-03-17,US,United States of America,AMRO,2175,7302,20,104,03,2020,2020-03
2020-03-18,US,United States of America,AMRO,2341,9643,21,125,03,2020,2020-03
2020-03-19,US,United States of America,AMRO,3202,12845,27,152,03,2020,2020-03
2020-03-20,US,United States of America,AMRO,4896,17741,64,216,03,2020,2020-03
2020-03-21,US,United States of America,AMRO,6117,23858,69,285,03,2020,2020-03
2020-03-22,US,United States of America,AMRO,7537,31395,92,377,03,2020,2020-03
2020-03-23,US,United States of America,AMRO,9120,40515,112,489,03,2020,2020-03
2020-03-24,US,United States of America,AMRO,10839,51354,122,611,03,2020,2020-03
2020-03-25,US,United States of America,AMRO,10714,62068,160,771,03,2020,2020-03
2020-03-26,US,United States of America,AMRO,11393,73461,212,983,03,2020,2020-03
2020-03-27,US,United States of America,AMRO,14060,87521,301,1284,03,2020,2020-03
2020-03-28,US,United States of America,AMRO,18532,106053,339,1623,03,2020,2020-03
2020-03-29,US,United States of America,AMRO,20221,126274,485,2108,03,2020,2020-03
2020-03-30,US,United States of America,AMRO,20802,147076,560,2668,03,2020,2020-03
2020-03-31,US,United States of America,AMRO,26248,173324,667,3335,03,2020,2020-03
2020-04-01,US,United States of America,AMRO,15259,188583,625,3960,04,2020,2020-04
2020-04-02,US,United States of America,AMRO,23732,212315,989,4949,04,2020,2020-04
2020-04-03,US,United States of America,AMRO,28368,240683,1121,6070,04,2020,2020-04
2020-04-04,US,United States of America,AMRO,29906,270589,1309,7379,04,2020,2020-04
2020-04-05,US,United States of America,AMRO,31848,302437,1370,8749,04,2020,2020-04
2020-04-06,US,United States of America,AMRO,32380,334817,1546,10295,04,2020,2020-04
2020-04-07,US,United States of America,AMRO,27030,361847,1869,12164,04,2020,2020-04
2020-04-08,US,United States of America,AMRO,28641,390488,1697,13861,04,2020,2020-04
2020-04-09,US,United States of America,AMRO,29261,419749,2092,15953,04,2020,2020-04
2020-04-10,US,United States of America,AMRO,34056,453805,2242,18195,04,2020,2020-04
2020-04-11,US,United States of America,AMRO,34759,488564,2208,20403,04,2020,2020-04
2020-04-12,US,United States of America,AMRO,32696,521260,2235,22638,04,2020,2020-04
2020-04-13,US,United States of America,AMRO,32106,553366,2200,24838,04,2020,2020-04
2020-04-14,US,United States of America,AMRO,27108,580474,1862,26700,04,2020,2020-04
2020-04-15,US,United States of America,AMRO,25004,605478,1892,28592,04,2020,2020-04
2020-04-16,US,United States of America,AMRO,25109,630587,2466,31058,04,2020,2020-04
2020-04-17,US,United States of America,AMRO,25087,655674,2699,33757,04,2020,2020-04
2020-04-18,US,United States of America,AMRO,31678,687352,2454,36211,04,2020,2020-04
2020-04-19,US,United States of America,AMRO,30462,717814,2318,38529,04,2020,2020-04
2020-04-20,US,United States of America,AMRO,27490,745304,1875,40404,04,2020,2020-04
2020-04-21,US,United States of America,AMRO,26977,772281,2004,42408,04,2020,2020-04
2020-04-22,US,United States of America,AMRO,26055,798336,2054,44462,04,2020,2020-04
2020-04-23,US,United States of America,AMRO,25307,823643,2656,47118,04,2020,2020-04
2020-04-24,US,United States of America,AMRO,30977,854620,2243,49361,04,2020,2020-04
2020-04-25,US,United States of America,AMRO,32962,887582,1994,51355,04,2020,2020-04
2020-04-26,US,United States of America,AMRO,34869,922451,2078,53433,04,2020,2020-04
2020-04-27,US,United States of America,AMRO,33191,955642,1862,55295,04,2020,2020-04
2020-04-28,US,United States of America,AMRO,26248,981890,1550,56845,04,2020,2020-04
2020-04-29,US,United States of America,AMRO,24415,1006305,1512,58357,04,2020,2020-04
2020-04-30,US,United States of America,AMRO,23287,1029592,2100,60457,04,2020,2020-04
2020-05-01,US,United States of America,AMRO,26942,1056534,2414,62871,05,2020,2020-05
2020-05-02,US,United States of America,AMRO,31576,1088110,2225,65096,05,2020,2020-05
2020-05-03,US,United States of America,AMRO,32060,1120170,1926,67022,05,2020,2020-05
2020-05-04,US,United States of America,AMRO,28412,1148582,1604,68626,05,2020,2020-05
2020-05-05,US,United States of America,AMRO,26945,1175527,1433,70059,05,2020,2020-05
2020-05-06,US,United States of America,AMRO,21445,1196972,1240,71299,05,2020,2020-05
2020-05-07,US,United States of America,AMRO,22798,1219770,2430,73729,05,2020,2020-05
2020-05-08,US,United States of America,AMRO,25327,1245097,2335,76064,05,2020,2020-05
2020-05-09,US,United States of America,AMRO,29498,1274595,2093,78157,05,2020,2020-05
2020-05-10,US,United States of America,AMRO,28294,1302889,1599,79756,05,2020,2020-05
2020-05-11,US,United States of America,AMRO,25808,1328697,1489,81245,05,2020,2020-05
2020-05-12,US,United States of America,AMRO,21973,1350670,1081,82326,05,2020,2020-05
2020-05-13,US,United States of America,AMRO,19420,1370090,1064,83390,05,2020,2020-05
2020-05-14,US,United States of America,AMRO,24132,1394222,1527,84917,05,2020,2020-05
2020-05-15,US,United States of America,AMRO,17445,1411667,1501,86418,05,2020,2020-05
2020-05-16,US,United States of America,AMRO,34395,1446062,1932,88350,05,2020,2020-05
2020-05-17,US,United States of America,AMRO,27196,1473258,1541,89891,05,2020,2020-05
2020-05-18,US,United States of America,AMRO,25526,1498784,1224,91115,05,2020,2020-05
2020-05-19,US,United States of America,AMRO,20063,1518847,926,92041,05,2020,2020-05
2020-05-20,US,United States of America,AMRO,23029,1541876,965,93006,05,2020,2020-05
2020-05-21,US,United States of America,AMRO,21651,1563527,1184,94190,05,2020,2020-05
2020-05-22,US,United States of America,AMRO,23995,1587522,1362,95552,05,2020,2020-05
2020-05-23,US,United States of America,AMRO,25820,1613342,1091,96643,05,2020,2020-05
2020-05-24,US,United States of America,AMRO,25981,1639323,1793,98436,05,2020,2020-05
2020-05-25,US,United States of America,AMRO,21224,1660547,921,99357,05,2020,2020-05
2020-05-26,US,United States of America,AMRO,21693,1682240,809,100166,05,2020,2020-05
2020-05-27,US,United States of America,AMRO,19446,1701686,681,100847,05,2020,2020-05
2020-05-28,US,United States of America,AMRO,16751,1718437,829,101676,05,2020,2020-05
2020-05-29,US,United States of America,AMRO,19815,1738252,1288,102964,05,2020,2020-05
2020-05-30,US,United States of America,AMRO,24190,1762442,1216,104180,05,2020,2020-05
2020-05-31,US,United States of America,AMRO,23856,1786298,1039,105219,05,2020,2020-05
2020-06-01,US,United States of America,AMRO,23971,1810269,897,106116,06,2020,2020-06
2020-06-02,US,United States of America,AMRO,21369,1831638,684,106800,06,2020,2020-06
2020-06-03,US,United States of America,AMRO,17134,1848772,690,107490,06,2020,2020-06
2020-06-04,US,United States of America,AMRO,20771,1869543,939,108429,06,2020,2020-06
2020-06-05,US,United States of America,AMRO,20992,1890535,1028,109457,06,2020,2020-06
2020-06-06,US,United States of America,AMRO,20648,1911183,874,110331,06,2020,2020-06
2020-06-07,US,United States of America,AMRO,24709,1935892,865,111196,06,2020,2020-06
2020-06-08,US,United States of America,AMRO,23706,1959598,678,111874,06,2020,2020-06
2020-06-09,US,United States of America,AMRO,17716,1977314,586,112460,06,2020,2020-06
2020-06-10,US,United States of America,AMRO,18077,1995391,799,113259,06,2020,2020-06
2020-06-11,US,United States of America,AMRO,18515,2013906,825,114084,06,2020,2020-06
2020-06-12,US,United States of America,AMRO,22253,2036159,867,114951,06,2020,2020-06
2020-06-13,US,United States of America,AMRO,22959,2059118,894,115845,06,2020,2020-06
2020-06-14,US,United States of America,AMRO,28385,2087503,730,116575,06,2020,2020-06
2020-06-15,US,United States of America,AMRO,26380,2113883,684,117259,06,2020,2020-06
2020-06-16,US,United States of America,AMRO,20535,2134418,488,117747,06,2020,2020-06
2020-06-17,US,United States of America,AMRO,20653,2155071,537,118284,06,2020,2020-06
2020-06-18,US,United States of America,AMRO,24758,2179829,669,118953,06,2020,2020-06
2020-06-19,US,United States of America,AMRO,25831,2205660,678,119631,06,2020,2020-06
2020-06-20,US,United States of America,AMRO,28611,2234271,655,120286,06,2020,2020-06
2020-06-21,US,United States of America,AMRO,33195,2267466,742,121028,06,2020,2020-06
2020-06-22,US,United States of America,AMRO,33363,2300829,572,121600,06,2020,2020-06
2020-06-23,US,United States of America,AMRO,27200,2328029,418,122018,06,2020,2020-06
2020-06-24,US,United States of America,AMRO,28745,2356774,496,122514,06,2020,2020-06
2020-06-25,US,United States of America,AMRO,37873,2394647,736,123250,06,2020,2020-06
2020-06-26,US,United States of America,AMRO,37226,2431873,691,123941,06,2020,2020-06
2020-06-27,US,United States of America,AMRO,47137,2479010,2544,126485,06,2020,2020-06
2020-06-28,US,United States of America,AMRO,46549,2525559,705,127190,06,2020,2020-06
2020-06-29,US,United States of America,AMRO,43418,2568977,575,127765,06,2020,2020-06
2020-06-30,US,United States of America,AMRO,37537,2606514,438,128203,06,2020,2020-06
2020-07-01,US,United States of America,AMRO,38573,2645087,474,128677,07,2020,2020-07
2020-07-02,US,United States of America,AMRO,46561,2691648,640,129317,07,2020,2020-07
2020-07-03,US,United States of America,AMRO,59396,2751044,782,130099,07,2020,2020-07
2020-07-04,US,United States of America,AMRO,55356,2806400,704,130803,07,2020,2020-07
2020-07-05,US,United States of America,AMRO,60233,2866633,811,131614,07,2020,2020-07
2020-07-06,US,United States of America,AMRO,49640,2916273,543,132157,07,2020,2020-07
2020-07-07,US,United States of America,AMRO,39914,2956187,454,132611,07,2020,2020-07
2020-07-08,US,United States of America,AMRO,51055,3007242,626,133237,07,2020,2020-07
2020-07-09,US,United States of America,AMRO,56011,3063253,921,134158,07,2020,2020-07
2020-07-10,US,United States of America,AMRO,65112,3128365,1089,135247,07,2020,2020-07
2020-07-11,US,United States of America,AMRO,62244,3190609,950,136197,07,2020,2020-07
2020-07-12,US,United States of America,AMRO,68270,3258879,947,137144,07,2020,2020-07
2020-07-13,US,United States of America,AMRO,67418,3326297,887,138031,07,2020,2020-07
2020-07-14,US,United States of America,AMRO,59590,3385887,834,138865,07,2020,2020-07
2020-07-15,US,United States of America,AMRO,56070,3441957,734,139599,07,2020,2020-07
2020-07-16,US,United States of America,AMRO,64722,3506679,922,140521,07,2020,2020-07
2020-07-17,US,United States of America,AMRO,72014,3578693,1123,141644,07,2020,2020-07
2020-07-18,US,United States of America,AMRO,69568,3648261,1079,142723,07,2020,2020-07
2020-07-19,US,United States of America,AMRO,76791,3725052,1088,143811,07,2020,2020-07
2020-07-20,US,United States of America,AMRO,67345,3792397,995,144806,07,2020,2020-07
2020-07-21,US,United States of America,AMRO,59819,3852216,934,145740,07,2020,2020-07
2020-07-22,US,United States of America,AMRO,58548,3910764,879,146619,07,2020,2020-07
2020-07-23,US,United States of America,AMRO,63308,3974072,1181,147800,07,2020,2020-07
2020-07-24,US,United States of America,AMRO,72232,4046304,1191,148991,07,2020,2020-07
2020-07-25,US,United States of America,AMRO,73383,4119687,1260,150251,07,2020,2020-07
2020-07-26,US,United States of America,AMRO,73184,4192871,1328,151579,07,2020,2020-07
2020-07-27,US,United States of America,AMRO,61282,4254153,1142,152721,07,2020,2020-07
2020-07-28,US,United States of America,AMRO,58271,4312424,950,153671,07,2020,2020-07
2020-07-29,US,United States of America,AMRO,53442,4365866,946,154617,07,2020,2020-07
2020-07-30,US,United States of America,AMRO,58923,4424789,1181,155798,07,2020,2020-07
2020-07-31,US,United States of America,AMRO,64681,4489470,1165,156963,07,2020,2020-07
2020-08-01,US,United States of America,AMRO,66215,4555685,1416,158379,08,2020,2020-08
2020-08-02,US,United States of America,AMRO,68106,4623791,1381,159760,08,2020,2020-08
2020-08-03,US,United States of America,AMRO,56529,4680320,1124,160884,08,2020,2020-08
2020-08-04,US,United States of America,AMRO,51164,4731484,918,161802,08,2020,2020-08
2020-08-05,US,United States of America,AMRO,45146,4776630,880,162682,08,2020,2020-08
2020-08-06,US,United States of America,AMRO,51689,4828319,1078,163760,08,2020,2020-08
2020-08-07,US,United States of America,AMRO,55637,4883956,1254,165014,08,2020,2020-08
2020-08-08,US,United States of America,AMRO,54386,4938342,1199,166213,08,2020,2020-08
2020-08-09,US,United States of America,AMRO,61821,5000163,1307,167520,08,2020,2020-08
2020-08-10,US,United States of America,AMRO,51244,5051407,1043,168563,08,2020,2020-08
2020-08-11,US,United States of America,AMRO,46250,5097657,896,169459,08,2020,2020-08
2020-08-12,US,United States of America,AMRO,43690,5141347,812,170271,08,2020,2020-08
2020-08-13,US,United States of America,AMRO,58823,5200170,1088,171359,08,2020,2020-08
2020-08-14,US,United States of America,AMRO,54731,5254901,1330,172689,08,2020,2020-08
2020-08-15,US,United States of America,AMRO,51669,5306570,1190,173879,08,2020,2020-08
2020-08-16,US,United States of America,AMRO,55929,5362499,1051,174930,08,2020,2020-08
2020-08-17,US,United States of America,AMRO,51250,5413749,942,175872,08,2020,2020-08
2020-08-18,US,United States of America,AMRO,41328,5455077,890,176762,08,2020,2020-08
2020-08-19,US,United States of America,AMRO,41722,5496799,645,177407,08,2020,2020-08
2020-08-20,US,United States of America,AMRO,41494,5538293,930,178337,08,2020,2020-08
2020-08-21,US,United States of America,AMRO,46661,5584954,1266,179603,08,2020,2020-08
2020-08-22,US,United States of America,AMRO,46279,5631233,991,180594,08,2020,2020-08
2020-08-23,US,United States of America,AMRO,47603,5678836,1008,181602,08,2020,2020-08
2020-08-24,US,United States of America,AMRO,41312,5720148,998,182600,08,2020,2020-08
2020-08-25,US,United States of America,AMRO,36863,5757011,843,183443,08,2020,2020-08
2020-08-26,US,United States of America,AMRO,36110,5793121,602,184045,08,2020,2020-08
2020-08-27,US,United States of America,AMRO,40309,5833430,880,184925,08,2020,2020-08
2020-08-28,US,United States of America,AMRO,46725,5880155,1053,185978,08,2020,2020-08
2020-08-29,US,United States of America,AMRO,46823,5926978,952,186930,08,2020,2020-08
2020-08-30,US,United States of America,AMRO,46755,5973733,1029,187959,08,2020,2020-08
2020-08-31,US,United States of America,AMRO,40701,6014434,820,188779,08,2020,2020-08
2020-09-01,US,United States of America,AMRO,36586,6051020,727,189506,09,2020,2020-09
2020-09-02,US,United States of America,AMRO,38798,6089818,573,190079,09,2020,2020-09
2020-09-03,US,United States of America,AMRO,38916,6128734,855,190934,09,2020,2020-09
2020-09-04,US,United States of America,AMRO,43953,6172687,864,191798,09,2020,2020-09
2020-09-05,US,United States of America,AMRO,45196,6217883,945,192743,09,2020,2020-09
2020-09-06,US,United States of America,AMRO,50877,6268760,911,193654,09,2020,2020-09
2020-09-07,US,United States of America,AMRO,41539,6310299,787,194441,09,2020,2020-09
2020-09-08,US,United States of America,AMRO,33674,6343973,689,195130,09,2020,2020-09
2020-09-09,US,United States of America,AMRO,25056,6369029,411,195541,09,2020,2020-09
2020-09-10,US,United States of America,AMRO,28073,6397102,560,196101,09,2020,2020-09
2020-09-11,US,United States of America,AMRO,35060,6432162,826,196927,09,2020,2020-09
2020-09-12,US,United States of America,AMRO,38568,6470730,827,197754,09,2020,2020-09
2020-09-13,US,United States of America,AMRO,44218,6514948,870,198624,09,2020,2020-09
2020-09-14,US,United States of America,AMRO,40056,6555004,650,199274,09,2020,2020-09
2020-09-15,US,United States of America,AMRO,32721,6587725,743,200017,09,2020,2020-09
2020-09-16,US,United States of America,AMRO,34509,6622234,437,200454,09,2020,2020-09
2020-09-17,US,United States of America,AMRO,36739,6658973,750,201204,09,2020,2020-09
2020-09-18,US,United States of America,AMRO,44231,6703204,1091,202295,09,2020,2020-09
2020-09-19,US,United States of America,AMRO,44683,6747887,723,203018,09,2020,2020-09
2020-09-20,US,United States of America,AMRO,47788,6795675,817,203835,09,2020,2020-09
2020-09-21,US,United States of America,AMRO,42168,6837843,658,204493,09,2020,2020-09
2020-09-22,US,United States of America,AMRO,34206,6872049,471,204964,09,2020,2020-09
2020-09-23,US,United States of America,AMRO,41648,6913697,570,205534,09,2020,2020-09
2020-09-24,US,United States of America,AMRO,49226,6962923,649,206183,09,2020,2020-09
2020-09-25,US,United States of America,AMRO,41944,7004867,898,207081,09,2020,2020-09
2020-09-26,US,United States of America,AMRO,46056,7050923,737,207818,09,2020,2020-09
2020-09-27,US,United States of America,AMRO,49634,7100557,762,208580,09,2020,2020-09
2020-09-28,US,United States of America,AMRO,41813,7142370,672,209252,09,2020,2020-09
2020-09-29,US,United States of America,AMRO,35311,7177681,498,209750,09,2020,2020-09
2020-09-30,US,United States of America,AMRO,38845,7216526,402,210152,09,2020,2020-09
2020-10-01,US,United States of America,AMRO,38733,7255259,799,210951,10,2020,2020-10
2020-10-02,US,United States of America,AMRO,45701,7300960,683,211634,10,2020,2020-10
2020-10-03,US,United States of America,AMRO,47091,7348051,740,212374,10,2020,2020-10
2020-10-04,US,United States of America,AMRO,51144,7399195,906,213280,10,2020,2020-10
2020-10-05,US,United States of America,AMRO,47629,7446824,544,213824,10,2020,2020-10
2020-10-06,US,United States of America,AMRO,35413,7482237,596,214420,10,2020,2020-10
2020-10-07,US,United States of America,AMRO,41462,7523699,519,214939,10,2020,2020-10
2020-10-08,US,United States of America,AMRO,41563,7565262,630,215569,10,2020,2020-10
2020-10-09,US,United States of America,AMRO,53906,7619168,798,216367,10,2020,2020-10
2020-10-10,US,United States of America,AMRO,55449,7674617,722,217089,10,2020,2020-10
2020-10-11,US,United States of America,AMRO,58996,7733613,785,217874,10,2020,2020-10
2020-10-12,US,United States of America,AMRO,53705,7787318,675,218549,10,2020,2020-10
2020-10-13,US,United States of America,AMRO,44481,7831799,572,219121,10,2020,2020-10
2020-10-14,US,United States of America,AMRO,49479,7881278,505,219626,10,2020,2020-10
2020-10-15,US,United States of America,AMRO,50054,7931332,649,220275,10,2020,2020-10
2020-10-16,US,United States of America,AMRO,57788,7989120,817,221092,10,2020,2020-10
2020-10-17,US,United States of America,AMRO,62968,8052088,709,221801,10,2020,2020-10
2020-10-18,US,United States of America,AMRO,69074,8121162,871,222672,10,2020,2020-10
2020-10-19,US,United States of America,AMRO,54250,8175412,689,223361,10,2020,2020-10
2020-10-20,US,United States of America,AMRO,48636,8224048,744,224105,10,2020,2020-10
2020-10-21,US,United States of America,AMRO,61601,8285649,614,224719,10,2020,2020-10
2020-10-22,US,United States of America,AMRO,58855,8344504,790,225509,10,2020,2020-10
2020-10-23,US,United States of America,AMRO,69026,8413530,1036,226545,10,2020,2020-10
2020-10-24,US,United States of America,AMRO,74784,8488314,928,227473,10,2020,2020-10
2020-10-25,US,United States of America,AMRO,82264,8570578,939,228412,10,2020,2020-10
2020-10-26,US,United States of America,AMRO,76033,8646611,795,229207,10,2020,2020-10
2020-10-27,US,United States of America,AMRO,65611,8712222,602,229809,10,2020,2020-10
2020-10-28,US,United States of America,AMRO,69706,8781928,692,230501,10,2020,2020-10
2020-10-29,US,United States of America,AMRO,75260,8857188,893,231394,10,2020,2020-10
2020-10-30,US,United States of America,AMRO,84483,8941671,1069,232463,10,2020,2020-10
2020-10-31,US,United States of America,AMRO,91144,9032815,1094,233557,10,2020,2020-10
2020-11-01,US,United States of America,AMRO,97652,9130467,922,234479,11,2020,2020-11
2020-11-02,US,United States of America,AMRO,92404,9222871,933,235412,11,2020,2020-11
2020-11-03,US,United States of America,AMRO,141383,9364254,706,236118,11,2020,2020-11
2020-11-04,US,United States of America,AMRO,87385,9451639,742,236860,11,2020,2020-11
2020-11-05,US,United States of America,AMRO,98427,9550066,1032,237892,11,2020,2020-11
2020-11-06,US,United States of America,AMRO,114202,9664268,1298,239190,11,2020,2020-11
2020-11-07,US,United States of America,AMRO,123116,9787384,1209,240399,11,2020,2020-11
2020-11-08,US,United States of America,AMRO,133788,9921172,1286,241685,11,2020,2020-11
2020-11-09,US,United States of America,AMRO,129058,10050230,1073,242758,11,2020,2020-11
2020-11-10,US,United States of America,AMRO,111633,10161863,884,243642,11,2020,2020-11
2020-11-11,US,United States of America,AMRO,124540,10286403,940,244582,11,2020,2020-11
2020-11-12,US,United States of America,AMRO,146060,10432463,1676,246258,11,2020,2020-11
2020-11-13,US,United States of America,AMRO,153572,10586035,1515,247773,11,2020,2020-11
2020-11-14,US,United States of America,AMRO,162245,10748280,1361,249134,11,2020,2020-11
2020-11-15,US,United States of America,AMRO,177242,10925522,1258,250392,11,2020,2020-11
2020-11-16,US,United States of America,AMRO,163824,11089346,1457,251849,11,2020,2020-11
2020-11-17,US,United States of America,AMRO,139092,11228438,1030,252879,11,2020,2020-11
2020-11-18,US,United States of America,AMRO,152706,11381144,1040,253919,11,2020,2020-11
2020-11-19,US,United States of America,AMRO,167112,11548256,1585,255504,11,2020,2020-11
2020-11-20,US,United States of America,AMRO,170959,11719215,1841,257345,11,2020,2020-11
2020-11-21,US,United States of America,AMRO,189610,11908825,1897,259242,11,2020,2020-11
2020-11-22,US,United States of America,AMRO,192996,12101821,1970,261212,11,2020,2020-11
2020-11-23,US,United States of America,AMRO,173561,12275382,1694,262906,11,2020,2020-11
2020-11-24,US,United States of America,AMRO,150792,12426174,1306,264212,11,2020,2020-11
2020-11-25,US,United States of America,AMRO,159821,12585995,1450,265662,11,2020,2020-11
2020-11-26,US,United States of America,AMRO,175192,12761187,1873,267535,11,2020,2020-11
2020-11-27,US,United States of America,AMRO,194203,12955390,2280,269815,11,2020,2020-11
2020-11-28,US,United States of America,AMRO,143845,13099235,1667,271482,11,2020,2020-11
2020-11-29,US,United States of America,AMRO,165735,13264970,1653,273135,11,2020,2020-11
2020-11-30,US,United States of America,AMRO,143812,13408782,1501,274636,11,2020,2020-11
2020-12-01,US,United States of America,AMRO,140450,13549232,1279,275915,12,2020,2020-12
2020-12-02,US,United States of America,AMRO,152525,13701757,1574,277489,12,2020,2020-12
2020-12-03,US,United States of America,AMRO,192590,13894347,2364,279853,12,2020,2020-12
2020-12-04,US,United States of America,AMRO,209988,14104335,2765,282618,12,2020,2020-12
2020-12-05,US,United States of America,AMRO,217687,14322022,2716,285334,12,2020,2020-12
2020-12-06,US,United States of America,AMRO,224482,14546504,2612,287946,12,2020,2020-12
2020-12-07,US,United States of America,AMRO,205912,14752416,2339,290285,12,2020,2020-12
2020-12-08,US,United States of America,AMRO,176790,14929206,1597,291882,12,2020,2020-12
2020-12-09,US,United States of America,AMRO,182950,15112156,2009,293891,12,2020,2020-12
2020-12-10,US,United States of America,AMRO,227634,15339790,2534,296425,12,2020,2020-12
2020-12-11,US,United States of America,AMRO,220531,15560321,3352,299777,12,2020,2020-12
2020-12-12,US,United States of America,AMRO,208605,15768926,2674,302451,12,2020,2020-12
2020-12-13,US,United States of America,AMRO,246878,16015804,3193,305644,12,2020,2020-12
2020-12-14,US,United States of America,AMRO,215853,16231657,2397,308041,12,2020,2020-12
2020-12-15,US,United States of America,AMRO,181543,16413200,2032,310073,12,2020,2020-12
2020-12-16,US,United States of America,AMRO,197678,16610878,1995,312068,12,2020,2020-12
2020-12-17,US,United States of America,AMRO,199710,16810588,2750,314818,12,2020,2020-12
2020-12-18,US,United States of America,AMRO,240369,17050957,3387,318205,12,2020,2020-12
2020-12-19,US,United States of America,AMRO,245505,17296462,3336,321541,12,2020,2020-12
2020-12-20,US,United States of America,AMRO,236818,17533280,2950,324491,12,2020,2020-12
2020-12-21,US,United States of America,AMRO,202100,17735380,2683,327174,12,2020,2020-12
2020-12-22,US,United States of America,AMRO,186576,17921956,2076,329250,12,2020,2020-12
2020-12-23,US,United States of America,AMRO,183322,18105278,2169,331419,12,2020,2020-12
2020-12-24,US,United States of America,AMRO,198800,18304078,2890,334309,12,2020,2020-12
2020-12-25,US,United States of America,AMRO,226504,18530582,3203,337512,12,2020,2020-12
2020-12-26,US,United States of America,AMRO,201607,18732189,3023,340535,12,2020,2020-12
2020-12-27,US,United States of America,AMRO,158966,18891155,2221,342756,12,2020,2020-12
2020-12-28,US,United States of America,AMRO,149536,19040691,1636,344392,12,2020,2020-12
2020-12-29,US,United States of America,AMRO,152851,19193542,1886,346278,12,2020,2020-12
2020-12-30,US,United States of America,AMRO,178590,19372132,2216,348494,12,2020,2020-12
2020-12-31,US,United States of America,AMRO,208570,19580702,3344,351838,12,2020,2020-12
2021-01-01,US,United States of America,AMRO,237538,19818240,3760,355598,01,2021,2021-01
2021-01-02,US,United States of America,AMRO,229179,20047419,3754,359352,01,2021,2021-01
2021-01-03,US,United States of America,AMRO,227545,20274964,3023,362375,01,2021,2021-01
2021-01-04,US,United States of America,AMRO,226218,20501182,2349,364724,01,2021,2021-01
2021-01-05,US,United States of America,AMRO,204643,20705825,2035,366759,01,2021,2021-01
2021-01-06,US,United States of America,AMRO,175027,20880852,2077,368836,01,2021,2021-01
2021-01-07,US,United States of America,AMRO,243327,21124179,3473,372309,01,2021,2021-01
2021-01-08,US,United States of America,AMRO,258314,21382493,3861,376170,01,2021,2021-01
2021-01-09,US,United States of America,AMRO,268940,21651433,3959,380129,01,2021,2021-01
2021-01-10,US,United States of America,AMRO,293312,21944745,3752,383881,01,2021,2021-01
2021-01-11,US,United States of America,AMRO,255420,22200165,3336,387217,01,2021,2021-01
2021-01-12,US,United States of America,AMRO,223835,22424000,2549,389766,01,2021,2021-01
2021-01-13,US,United States of America,AMRO,204133,22628133,2609,392375,01,2021,2021-01
2021-01-14,US,United States of America,AMRO,218004,22846137,3582,395957,01,2021,2021-01
2021-01-15,US,United States of America,AMRO,227232,23073369,4053,400010,01,2021,2021-01
2021-01-16,US,United States of America,AMRO,223031,23296400,3704,403714,01,2021,2021-01
2021-01-17,US,United States of America,AMRO,239309,23535709,3397,407111,01,2021,2021-01
2021-01-18,US,United States of America,AMRO,213057,23748766,3525,410636,01,2021,2021-01
2021-01-19,US,United States of America,AMRO,183581,23932347,2575,413211,01,2021,2021-01
2021-01-20,US,United States of America,AMRO,151278,24083625,2283,415494,01,2021,2021-01
2021-01-21,US,United States of America,AMRO,150364,24233989,2733,418227,01,2021,2021-01
2021-01-22,US,United States of America,AMRO,188059,24422048,3833,422060,01,2021,2021-01
2021-01-23,US,United States of America,AMRO,187748,24609796,3825,425885,01,2021,2021-01
2021-01-24,US,United States of America,AMRO,190206,24800002,3676,429561,01,2021,2021-01
2021-01-25,US,United States of America,AMRO,164571,24964573,2985,432546,01,2021,2021-01
2021-01-26,US,United States of America,AMRO,143910,25108483,2477,435023,01,2021,2021-01
2021-01-27,US,United States of America,AMRO,133838,25242321,2118,437141,01,2021,2021-01
2021-01-28,US,United States of America,AMRO,146551,25388872,3550,440691,01,2021,2021-01
2021-01-29,US,United States of America,AMRO,159217,25548089,3976,444667,01,2021,2021-01
2021-01-30,US,United States of America,AMRO,155771,25703860,3853,448520,01,2021,2021-01
2021-01-31,US,United States of America,AMRO,164540,25868400,3252,451772,01,2021,2021-01
2021-02-01,US,United States of America,AMRO,137102,26005502,2767,454539,02,2021,2021-02
2021-02-02,US,United States of America,AMRO,112171,26117673,2286,456825,02,2021,2021-02
2021-02-03,US,United States of America,AMRO,128662,26246335,2266,459091,02,2021,2021-02
2021-02-04,US,United States of America,AMRO,121801,26368136,2961,462052,02,2021,2021-02
2021-02-05,US,United States of America,AMRO,108745,26476881,3305,465357,02,2021,2021-02
2021-02-06,US,United States of America,AMRO,125214,26602095,3127,468484,02,2021,2021-02
2021-02-07,US,United States of America,AMRO,124695,26726790,3408,471892,02,2021,2021-02
2021-02-08,US,United States of America,AMRO,108466,26835256,2767,474659,02,2021,2021-02
2021-02-09,US,United States of America,AMRO,91632,26926888,1804,476463,02,2021,2021-02
2021-02-10,US,United States of America,AMRO,82202,27009090,1692,478155,02,2021,2021-02
2021-02-11,US,United States of America,AMRO,91411,27100501,2433,480588,02,2021,2021-02
2021-02-12,US,United States of America,AMRO,99027,27199528,2820,483408,02,2021,2021-02
2021-02-13,US,United States of America,AMRO,98994,27298522,3245,486653,02,2021,2021-02
2021-02-14,US,United States of America,AMRO,97608,27396130,5075,491728,02,2021,2021-02
2021-02-15,US,United States of America,AMRO,84599,27480729,3309,495037,02,2021,2021-02
2021-02-16,US,United States of America,AMRO,66299,27547028,1552,496589,02,2021,2021-02
2021-02-17,US,United States of America,AMRO,58156,27605184,1395,497984,02,2021,2021-02
2021-02-18,US,United States of America,AMRO,57460,27662644,1426,499410,02,2021,2021-02
2021-02-19,US,United States of America,AMRO,63873,27726517,2180,501590,02,2021,2021-02
2021-02-20,US,United States of America,AMRO,68365,27794882,2247,503837,02,2021,2021-02
2021-02-21,US,United States of America,AMRO,73506,27868388,2426,506263,02,2021,2021-02
2021-02-22,US,United States of America,AMRO,65880,27934268,1895,508158,02,2021,2021-02
2021-02-23,US,United States of America,AMRO,55612,27989880,1541,509699,02,2021,2021-02
2021-02-24,US,United States of America,AMRO,56189,28046069,1502,511201,02,2021,2021-02
2021-02-25,US,United States of America,AMRO,70438,28116507,1700,512901,02,2021,2021-02
2021-02-26,US,United States of America,AMRO,72570,28189077,2000,514901,02,2021,2021-02
2021-02-27,US,United States of America,AMRO,71700,28260777,2926,517827,02,2021,2021-02
2021-02-28,US,United States of America,AMRO,73439,28334216,1928,519755,02,2021,2021-02
2021-03-01,US,United States of America,AMRO,67670,28401886,1613,521368,03,2021,2021-03
2021-03-02,US,United States of America,AMRO,51976,28453862,1087,522455,03,2021,2021-03
2021-03-03,US,United States of America,AMRO,51124,28504986,1248,523703,03,2021,2021-03
2021-03-04,US,United States of America,AMRO,54339,28559325,1351,525054,03,2021,2021-03
2021-03-05,US,United States of America,AMRO,65764,28625089,1554,526608,03,2021,2021-03
2021-03-06,US,United States of America,AMRO,65234,28690323,1555,528163,03,2021,2021-03
2021-03-07,US,United States of America,AMRO,63899,28754222,1953,530116,03,2021,2021-03
2021-03-08,US,United States of America,AMRO,57467,28811689,1270,531386,03,2021,2021-03
2021-03-09,US,United States of America,AMRO,43383,28855072,910,532296,03,2021,2021-03
2021-03-10,US,United States of America,AMRO,43215,28898287,819,533115,03,2021,2021-03
2021-03-11,US,United States of America,AMRO,53826,28952113,1156,534271,03,2021,2021-03
2021-03-12,US,United States of America,AMRO,61771,29013884,1574,535845,03,2021,2021-03
2021-03-13,US,United States of America,AMRO,60054,29073938,1320,537165,03,2021,2021-03
2021-03-14,US,United States of America,AMRO,64069,29138007,1450,538615,03,2021,2021-03
2021-03-15,US,United States of America,AMRO,52167,29190174,975,539590,03,2021,2021-03
2021-03-16,US,United States of America,AMRO,47263,29237437,659,540249,03,2021,2021-03
2021-03-17,US,United States of America,AMRO,43576,29281013,698,540947,03,2021,2021-03
2021-03-18,US,United States of America,AMRO,51914,29332927,861,541808,03,2021,2021-03
2021-03-19,US,United States of America,AMRO,61497,29394424,1052,542860,03,2021,2021-03
2021-03-20,US,United States of America,AMRO,62567,29456991,834,543694,03,2021,2021-03
2021-03-21,US,United States of America,AMRO,62062,29519053,1184,544878,03,2021,2021-03
2021-03-22,US,United States of America,AMRO,58167,29577220,718,545596,03,2021,2021-03
2021-03-23,US,United States of America,AMRO,44954,29622174,549,546145,03,2021,2021-03
2021-03-24,US,United States of America,AMRO,48396,29670570,939,547084,03,2021,2021-03
2021-03-25,US,United States of America,AMRO,57899,29728469,750,547834,03,2021,2021-03
2021-03-26,US,United States of America,AMRO,68174,29796643,1120,548954,03,2021,2021-03
2021-03-27,US,United States of America,AMRO,65652,29862295,986,549940,03,2021,2021-03
2021-03-28,US,United States of America,AMRO,75020,29937315,1056,550996,03,2021,2021-03
2021-03-29,US,United States of America,AMRO,62828,30000143,854,551850,03,2021,2021-03
2021-03-30,US,United States of America,AMRO,52987,30053130,616,552466,03,2021,2021-03
2021-03-31,US,United States of America,AMRO,58136,30111266,555,553021,03,2021,2021-03
2021-04-01,US,United States of America,AMRO,61496,30172762,723,553744,04,2021,2021-04
2021-04-02,US,United States of America,AMRO,70587,30243349,953,554697,04,2021,2021-04
2021-04-03,US,United States of America,AMRO,73491,30316840,810,555507,04,2021,2021-04
2021-04-04,US,United States of America,AMRO,70523,30387363,841,556348,04,2021,2021-04
2021-04-05,US,United States of America,AMRO,63301,30450664,740,557088,04,2021,2021-04
2021-04-06,US,United States of America,AMRO,45395,30496059,518,557606,04,2021,2021-04
2021-04-07,US,United States of America,AMRO,56781,30552840,368,557974,04,2021,2021-04
2021-04-08,US,United States of America,AMRO,63736,30616576,721,558695,04,2021,2021-04
2021-04-09,US,United States of America,AMRO,75082,30691658,824,559519,04,2021,2021-04
2021-04-10,US,United States of America,AMRO,75095,30766753,857,560376,04,2021,2021-04
2021-04-11,US,United States of America,AMRO,76617,30843370,859,561235,04,2021,2021-04
2021-04-12,US,United States of America,AMRO,67650,30911020,746,561981,04,2021,2021-04
2021-04-13,US,United States of America,AMRO,53300,30964320,466,562447,04,2021,2021-04
2021-04-14,US,United States of America,AMRO,60966,31025286,535,562982,04,2021,2021-04
2021-04-15,US,United States of America,AMRO,71635,31096921,739,563721,04,2021,2021-04
2021-04-16,US,United States of America,AMRO,70865,31167786,795,564516,04,2021,2021-04
2021-04-17,US,United States of America,AMRO,71663,31239449,793,565309,04,2021,2021-04
2021-04-18,US,United States of America,AMRO,71184,31310633,803,566112,04,2021,2021-04
2021-04-19,US,United States of America,AMRO,77093,31387726,632,566744,04,2021,2021-04
2021-04-20,US,United States of America,AMRO,49047,31436773,494,567238,04,2021,2021-04
2021-04-21,US,United States of America,AMRO,35278,31472051,477,567715,04,2021,2021-04
2021-04-22,US,United States of America,AMRO,57463,31529514,732,568447,04,2021,2021-04
2021-04-23,US,United States of America,AMRO,63145,31592659,765,569212,04,2021,2021-04
2021-04-24,US,United States of America,AMRO,61899,31654558,780,569992,04,2021,2021-04
2021-04-25,US,United States of America,AMRO,62124,31716682,835,570827,04,2021,2021-04
2021-04-26,US,United States of America,AMRO,51589,31768271,663,571490,04,2021,2021-04
2021-04-27,US,United States of America,AMRO,40642,31808913,432,571922,04,2021,2021-04
2021-04-28,US,United States of America,AMRO,30495,31839408,468,572390,04,2021,2021-04
2021-04-29,US,United States of America,AMRO,50316,31889724,536,572926,04,2021,2021-04
2021-04-30,US,United States of America,AMRO,54516,31944240,837,573763,04,2021,2021-04
2021-05-01,US,United States of America,AMRO,55923,32000163,758,574521,05,2021,2021-05
2021-05-02,US,United States of America,AMRO,54968,32055131,792,575313,05,2021,2021-05
2021-05-03,US,United States of America,AMRO,48277,32103408,624,575937,05,2021,2021-05
2021-05-04,US,United States of America,AMRO,36331,32139739,501,576438,05,2021,2021-05
2021-05-05,US,United States of America,AMRO,33046,32172785,464,576902,05,2021,2021-05
2021-05-06,US,United States of America,AMRO,42657,32215442,678,577580,05,2021,2021-05
2021-05-07,US,United States of America,AMRO,44632,32260074,710,578290,05,2021,2021-05
2021-05-08,US,United States of America,AMRO,42770,32302844,667,578957,05,2021,2021-05
2021-05-09,US,United States of America,AMRO,44520,32347364,803,579760,05,2021,2021-05
2021-05-10,US,United States of America,AMRO,36861,32384225,614,580374,05,2021,2021-05
2021-05-11,US,United States of America,AMRO,27237,32411462,403,580777,05,2021,2021-05
2021-05-12,US,United States of America,AMRO,24592,32436054,409,581186,05,2021,2021-05
2021-05-13,US,United States of America,AMRO,33079,32469133,597,581783,05,2021,2021-05
2021-05-14,US,United States of America,AMRO,35840,32504973,690,582473,05,2021,2021-05
2021-05-15,US,United States of America,AMRO,40399,32545372,586,583059,05,2021,2021-05
2021-05-16,US,United States of America,AMRO,35337,32580709,685,583744,05,2021,2021-05
2021-05-17,US,United States of America,AMRO,29455,32610164,434,584178,05,2021,2021-05
2021-05-18,US,United States of America,AMRO,21316,32631480,436,584614,05,2021,2021-05
2021-05-19,US,United States of America,AMRO,19556,32651036,364,584978,05,2021,2021-05
2021-05-20,US,United States of America,AMRO,27777,32678813,602,585580,05,2021,2021-05
2021-05-21,US,United States of America,AMRO,27637,32706450,598,586178,05,2021,2021-05
2021-05-22,US,United States of America,AMRO,27846,32734296,522,586700,05,2021,2021-05
2021-05-23,US,United States of America,AMRO,27952,32762248,668,587368,05,2021,2021-05
2021-05-24,US,United States of America,AMRO,21997,32784245,400,587768,05,2021,2021-05
2021-05-25,US,United States of America,AMRO,15847,32800092,287,588055,05,2021,2021-05
2021-05-26,US,United States of America,AMRO,15351,32815443,563,588618,05,2021,2021-05
2021-05-27,US,United States of America,AMRO,24199,32839642,502,589120,05,2021,2021-05
2021-05-28,US,United States of America,AMRO,23522,32863164,520,589640,05,2021,2021-05
2021-05-29,US,United States of America,AMRO,22062,32885226,538,590178,05,2021,2021-05
2021-05-30,US,United States of America,AMRO,24775,32910001,702,590880,05,2021,2021-05
2021-05-31,US,United States of America,AMRO,15532,32925533,309,591189,05,2021,2021-05
2021-06-01,US,United States of America,AMRO,12309,32937842,253,591442,06,2021,2021-06
2021-06-02,US,United States of America,AMRO,9308,32947150,226,591668,06,2021,2021-06
2021-06-03,US,United States of America,AMRO,9046,32956196,334,592002,06,2021,2021-06
2021-06-04,US,United States of America,AMRO,16153,32972349,494,592496,06,2021,2021-06
2021-06-05,US,United States of America,AMRO,18320,32990669,474,592970,06,2021,2021-06
2021-06-06,US,United States of America,AMRO,18637,33009306,593,593563,06,2021,2021-06
2021-06-07,US,United States of America,AMRO,14623,33023929,395,593958,06,2021,2021-06
2021-06-08,US,United States of America,AMRO,11029,33034958,424,594382,06,2021,2021-06
2021-06-09,US,United States of America,AMRO,9992,33044950,320,594702,06,2021,2021-06
2021-06-10,US,United States of America,AMRO,14319,33059269,311,595013,06,2021,2021-06
2021-06-11,US,United States of America,AMRO,19659,33078928,388,595401,06,2021,2021-06
2021-06-12,US,United States of America,AMRO,15912,33094840,387,595788,06,2021,2021-06
2021-06-13,US,United States of America,AMRO,14081,33108921,398,596186,06,2021,2021-06
2021-06-14,US,United States of America,AMRO,12294,33121215,212,596398,06,2021,2021-06
2021-06-15,US,United States of America,AMRO,8724,33129939,148,596546,06,2021,2021-06
2021-06-16,US,United States of America,AMRO,8335,33138274,195,596741,06,2021,2021-06
2021-06-17,US,United States of America,AMRO,12799,33151073,309,597050,06,2021,2021-06
2021-06-18,US,United States of America,AMRO,13080,33164153,340,597390,06,2021,2021-06
2021-06-19,US,United States of America,AMRO,13416,33177569,278,597668,06,2021,2021-06
2021-06-20,US,United States of America,AMRO,11970,33189539,272,597940,06,2021,2021-06
2021-06-21,US,United States of America,AMRO,12292,33201831,253,598193,06,2021,2021-06
2021-06-22,US,United States of America,AMRO,9029,33210860,216,598409,06,2021,2021-06
2021-06-23,US,United States of America,AMRO,8685,33219545,270,598679,06,2021,2021-06
2021-06-24,US,United States of America,AMRO,13374,33232919,309,598988,06,2021,2021-06
2021-06-25,US,United States of America,AMRO,13808,33246727,337,599325,06,2021,2021-06
2021-06-26,US,United States of America,AMRO,15532,33262259,315,599640,06,2021,2021-06
2021-06-27,US,United States of America,AMRO,15042,33277301,403,600043,06,2021,2021-06
2021-06-28,US,United States of America,AMRO,13185,33290486,241,600284,06,2021,2021-06
2021-06-29,US,United States of America,AMRO,10602,33301088,173,600457,06,2021,2021-06
2021-06-30,US,United States of America,AMRO,10597,33311685,191,600648,06,2021,2021-06
2021-07-01,US,United States of America,AMRO,15653,33327338,275,600923,07,2021,2021-07
2021-07-02,US,United States of America,AMRO,11563,33338901,244,601167,07,2021,2021-07
2021-07-03,US,United States of America,AMRO,18625,33357526,288,601455,07,2021,2021-07
2021-07-04,US,United States of America,AMRO,16869,33374395,300,601755,07,2021,2021-07
2021-07-05,US,United States of America,AMRO,13146,33387541,153,601908,07,2021,2021-07
2021-07-06,US,United States of America,AMRO,10372,33397913,123,602031,07,2021,2021-07
2021-07-07,US,United States of America,AMRO,9256,33407169,106,602137,07,2021,2021-07
2021-07-08,US,United States of America,AMRO,20054,33427223,300,602437,07,2021,2021-07
2021-07-09,US,United States of America,AMRO,22664,33449887,253,602690,07,2021,2021-07
2021-07-10,US,United States of America,AMRO,183708,33633595,264,602954,07,2021,2021-07
2021-07-11,US,United States of America,AMRO,27631,33661226,311,603265,07,2021,2021-07
2021-07-12,US,United States of America,AMRO,20756,33681982,145,603410,07,2021,2021-07
2021-07-13,US,United States of America,AMRO,16614,33698596,116,603526,07,2021,2021-07
2021-07-14,US,United States of America,AMRO,29221,33727817,304,603830,07,2021,2021-07
2021-07-15,US,United States of America,AMRO,35036,33762853,334,604164,07,2021,2021-07
2021-07-16,US,United States of America,AMRO,38383,33801236,337,604501,07,2021,2021-07
2021-07-17,US,United States of America,AMRO,40595,33841831,321,604822,07,2021,2021-07
2021-07-18,US,United States of America,AMRO,42283,33884114,368,605190,07,2021,2021-07
2021-07-19,US,United States of America,AMRO,32135,33916249,177,605367,07,2021,2021-07
2021-07-20,US,United States of America,AMRO,28187,33944436,147,605514,07,2021,2021-07
2021-07-21,US,United States of America,AMRO,45353,33989789,285,605799,07,2021,2021-07
2021-07-22,US,United States of America,AMRO,51008,34040797,319,606118,07,2021,2021-07
2021-07-23,US,United States of America,AMRO,61254,34102051,394,606512,07,2021,2021-07
2021-07-24,US,United States of America,AMRO,71814,34173865,341,606853,07,2021,2021-07
2021-07-25,US,United States of America,AMRO,69706,34243571,414,607267,07,2021,2021-07
2021-07-26,US,United States of America,AMRO,53669,34297240,244,607511,07,2021,2021-07
2021-07-27,US,United States of America,AMRO,43243,34340483,249,607760,07,2021,2021-07
2021-07-28,US,United States of America,AMRO,71317,34411800,417,608177,07,2021,2021-07
2021-07-29,US,United States of America,AMRO,86099,34497899,497,608674,07,2021,2021-07
2021-07-30,US,United States of America,AMRO,89192,34587091,489,609163,07,2021,2021-07
2021-07-31,US,United States of America,AMRO,99396,34686487,501,609664,07,2021,2021-07
2021-08-01,US,United States of America,AMRO,104662,34791149,649,610313,08,2021,2021-08
2021-08-02,US,United States of America,AMRO,80534,34871683,398,610711,08,2021,2021-08
2021-08-03,US,United States of America,AMRO,61299,34932982,369,611080,08,2021,2021-08
2021-08-04,US,United States of America,AMRO,102396,35035378,653,611733,08,2021,2021-08
2021-08-05,US,United States of America,AMRO,110621,35145999,702,612435,08,2021,2021-08
2021-08-06,US,United States of America,AMRO,126850,35272849,737,613172,08,2021,2021-08
2021-08-07,US,United States of America,AMRO,127927,35400776,759,613931,08,2021,2021-08
2021-08-08,US,United States of America,AMRO,133877,35534653,834,614765,08,2021,2021-08
2021-08-09,US,United States of America,AMRO,120029,35654682,641,615406,08,2021,2021-08
2021-08-10,US,United States of America,AMRO,96764,35751446,523,615929,08,2021,2021-08
2021-08-11,US,United States of America,AMRO,93198,35844644,717,616646,08,2021,2021-08
2021-08-12,US,United States of America,AMRO,135798,35980442,956,617602,08,2021,2021-08
2021-08-13,US,United States of America,AMRO,143641,36124083,595,618197,08,2021,2021-08
2021-08-14,US,United States of America,AMRO,151125,36275208,984,619181,08,2021,2021-08
2021-08-15,US,United States of America,AMRO,146324,36421532,1190,620371,08,2021,2021-08
2021-08-16,US,United States of America,AMRO,139501,36561033,888,621259,08,2021,2021-08
2021-08-17,US,United States of America,AMRO,110771,36671804,675,621934,08,2021,2021-08
2021-08-18,US,United States of America,AMRO,109166,36780970,840,622774,08,2021,2021-08
2021-08-19,US,United States of America,AMRO,150701,36931671,1189,623963,08,2021,2021-08
2021-08-20,US,United States of America,AMRO,168382,37100053,1492,625455,08,2021,2021-08
2021-08-21,US,United States of America,AMRO,174456,37274509,1374,626829,08,2021,2021-08
2021-08-22,US,United States of America,AMRO,167358,37441867,1563,628392,08,2021,2021-08
2021-08-23,US,United States of America,AMRO,144263,37586130,1166,629558,08,2021,2021-08
2021-08-24,US,United States of America,AMRO,126952,37713082,897,630455,08,2021,2021-08
2021-08-25,US,United States of America,AMRO,116207,37829289,1173,631628,08,2021,2021-08
2021-08-26,US,United States of America,AMRO,162680,37991969,1653,633281,08,2021,2021-08
2021-08-27,US,United States of America,AMRO,177033,38169002,1650,634931,08,2021,2021-08
2021-08-28,US,United States of America,AMRO,186308,38355310,1775,636706,08,2021,2021-08
2021-08-29,US,United States of America,AMRO,182160,38537470,1833,638539,08,2021,2021-08
2021-08-30,US,United States of America,AMRO,152707,38690177,1465,640004,08,2021,2021-08
2021-08-31,US,United States of America,AMRO,118419,38808596,1189,641193,08,2021,2021-08
2021-09-01,US,United States of America,AMRO,133036,38941632,1205,642398,09,2021,2021-09
2021-09-02,US,United States of America,AMRO,176670,39118302,1791,644189,09,2021,2021-09
2021-09-03,US,United States of America,AMRO,198346,39316648,2016,646205,09,2021,2021-09
2021-09-04,US,United States of America,AMRO,181485,39498133,2014,648219,09,2021,2021-09
2021-09-05,US,United States of America,AMRO,183008,39681141,1951,650170,09,2021,2021-09
2021-09-06,US,United States of America,AMRO,144059,39825200,1496,651666,09,2021,2021-09
2021-09-07,US,United States of America,AMRO,125366,39950566,1320,652986,09,2021,2021-09
2021-09-08,US,United States of America,AMRO,109623,40060189,1066,654052,09,2021,2021-09
2021-09-09,US,United States of America,AMRO,117142,40177331,1526,655578,09,2021,2021-09
2021-09-10,US,United States of America,AMRO,170652,40347983,2111,657689,09,2021,2021-09
2021-09-11,US,United States of America,AMRO,184030,40532013,2236,659925,09,2021,2021-09
2021-09-12,US,United States of America,AMRO,171491,40703504,2284,662209,09,2021,2021-09
2021-09-13,US,United States of America,AMRO,155198,40858702,1746,663955,09,2021,2021-09
2021-09-14,US,United States of America,AMRO,116265,40974967,1152,665107,09,2021,2021-09
2021-09-15,US,United States of America,AMRO,112200,41087167,1310,666417,09,2021,2021-09
2021-09-16,US,United States of America,AMRO,162481,41249648,2423,668840,09,2021,2021-09
2021-09-17,US,United States of America,AMRO,163231,41412879,2483,671323,09,2021,2021-09
2021-09-18,US,United States of America,AMRO,167387,41580266,2097,673420,09,2021,2021-09
2021-09-19,US,United States of America,AMRO,157814,41738080,2320,675740,09,2021,2021-09
2021-09-20,US,United States of America,AMRO,125351,41863431,1619,677359,09,2021,2021-09
2021-09-21,US,United States of America,AMRO,97278,41960709,1211,678570,09,2021,2021-09
2021-09-22,US,United States of America,AMRO,92090,42052799,1325,679895,09,2021,2021-09
2021-09-23,US,United States of America,AMRO,134840,42187639,2332,682227,09,2021,2021-09
2021-09-24,US,United States of America,AMRO,132285,42319924,2355,684582,09,2021,2021-09
2021-09-25,US,United States of America,AMRO,136636,42456560,2075,686657,09,2021,2021-09
2021-09-26,US,United States of America,AMRO,133258,42589818,2450,689107,09,2021,2021-09
2021-09-27,US,United States of America,AMRO,97901,42687719,1451,690558,09,2021,2021-09
2021-09-28,US,United States of America,AMRO,77550,42765269,1042,691600,09,2021,2021-09
2021-09-29,US,United States of America,AMRO,102309,42867578,1901,693501,09,2021,2021-09
2021-09-30,US,United States of America,AMRO,116627,42984205,2146,695647,09,2021,2021-09
2021-10-01,US,United States of America,AMRO,116747,43100952,2252,697899,10,2021,2021-10
2021-10-02,US,United States of America,AMRO,123395,43224347,1955,699854,10,2021,2021-10
2021-10-03,US,United States of America,AMRO,121373,43345720,2185,702039,10,2021,2021-10
2021-10-04,US,United States of America,AMRO,83408,43429128,1329,703368,10,2021,2021-10
2021-10-05,US,United States of America,AMRO,68394,43497522,969,704337,10,2021,2021-10
2021-10-06,US,United States of America,AMRO,86220,43583742,1285,705622,10,2021,2021-10
2021-10-07,US,United States of America,AMRO,104648,43688390,2046,707668,10,2021,2021-10
2021-10-08,US,United States of America,AMRO,116875,43805265,2032,709700,10,2021,2021-10
2021-10-09,US,United States of America,AMRO,112839,43918104,1743,711443,10,2021,2021-10
2021-10-10,US,United States of America,AMRO,108182,44026286,2269,713712,10,2021,2021-10
2021-10-11,US,United States of America,AMRO,71555,44097841,1072,714784,10,2021,2021-10
2021-10-12,US,United States of America,AMRO,60212,44158053,1035,715819,10,2021,2021-10
2021-10-13,US,United States of America,AMRO,74422,44232475,949,716768,10,2021,2021-10
2021-10-14,US,United States of America,AMRO,90299,44322774,1945,718713,10,2021,2021-10
2021-10-15,US,United States of America,AMRO,96982,44419756,1835,720548,10,2021,2021-10
2021-10-16,US,United States of America,AMRO,96884,44516640,1557,722105,10,2021,2021-10
2021-10-17,US,United States of America,AMRO,91713,44608353,2040,724145,10,2021,2021-10
2021-10-18,US,United States of America,AMRO,64267,44672620,928,725073,10,2021,2021-10
2021-10-19,US,United States of America,AMRO,49421,44722041,716,725789,10,2021,2021-10
2021-10-20,US,United States of America,AMRO,69391,44791432,2265,728054,10,2021,2021-10
2021-10-21,US,United States of America,AMRO,80831,44872263,1839,729893,10,2021,2021-10
2021-10-22,US,United States of America,AMRO,76410,44948673,1827,731720,10,2021,2021-10
2021-10-23,US,United States of America,AMRO,87510,45036183,1526,733246,10,2021,2021-10
2021-10-24,US,United States of America,AMRO,81557,45117740,1949,735195,10,2021,2021-10
2021-10-25,US,United States of America,AMRO,33901,45151641,667,735862,10,2021,2021-10
2021-10-26,US,United States of America,AMRO,25862,45177503,341,736203,10,2021,2021-10
2021-10-27,US,United States of America,AMRO,88831,45266334,1035,737238,10,2021,2021-10
2021-10-28,US,United States of America,AMRO,102316,45368650,2039,739277,10,2021,2021-10
2021-10-29,US,United States of America,AMRO,83991,45452641,1769,741046,10,2021,2021-10
2021-10-30,US,United States of America,AMRO,103480,45556121,1271,742317,10,2021,2021-10
2021-10-31,US,United States of America,AMRO,87919,45644040,1804,744121,10,2021,2021-10
2021-11-01,US,United States of America,AMRO,31885,45675925,447,744568,11,2021,2021-11
2021-11-02,US,United States of America,AMRO,22671,45698596,297,744865,11,2021,2021-11
2021-11-03,US,United States of America,AMRO,123245,45821841,1188,746053,11,2021,2021-11
2021-11-04,US,United States of America,AMRO,74685,45896526,1444,747497,11,2021,2021-11
2021-11-05,US,United States of America,AMRO,78378,45974904,1191,748688,11,2021,2021-11
2021-11-06,US,United States of America,AMRO,88687,46063591,1203,749891,11,2021,2021-11
2021-11-07,US,United States of America,AMRO,89245,46152836,1615,751506,11,2021,2021-11
2021-11-08,US,United States of America,AMRO,32454,46185290,475,751981,11,2021,2021-11
2021-11-09,US,United States of America,AMRO,28315,46213605,252,752233,11,2021,2021-11
2021-11-10,US,United States of America,AMRO,122465,46336070,1164,753397,11,2021,2021-11
2021-11-11,US,United States of America,AMRO,82833,46418903,1590,754987,11,2021,2021-11
2021-11-12,US,United States of America,AMRO,93021,46511924,1336,756323,11,2021,2021-11
2021-11-13,US,United States of America,AMRO,73223,46585147,960,757283,11,2021,2021-11
2021-11-14,US,United States of America,AMRO,121915,46707062,1736,759019,11,2021,2021-11
2021-11-15,US,United States of America,AMRO,65638,46772700,549,759568,11,2021,2021-11
2021-11-16,US,United States of America,AMRO,30584,46803284,215,759783,11,2021,2021-11
2021-11-17,US,United States of America,AMRO,138998,46942282,1070,760853,11,2021,2021-11
2021-11-18,US,United States of America,AMRO,98011,47040293,1457,762310,11,2021,2021-11
2021-11-19,US,United States of America,AMRO,105041,47145334,1441,763751,11,2021,2021-11
2021-11-20,US,United States of America,AMRO,124128,47269462,3871,767622,11,2021,2021-11
2021-11-21,US,United States of America,AMRO,113879,47383341,1660,769282,11,2021,2021-11
2021-11-22,US,United States of America,AMRO,42831,47426172,371,769653,11,2021,2021-11
2021-11-23,US,United States of America,AMRO,36253,47462425,173,769826,11,2021,2021-11
2021-11-24,US,United States of America,AMRO,150616,47613041,1167,770993,11,2021,2021-11
2021-11-25,US,United States of America,AMRO,100822,47713863,1557,772550,11,2021,2021-11
2021-11-26,US,United States of America,AMRO,106328,47820191,1368,773918,11,2021,2021-11
2021-11-27,US,United States of America,AMRO,72101,47892292,468,774386,11,2021,2021-11
2021-11-28,US,United States of America,AMRO,81672,47973964,558,774944,11,2021,2021-11
2021-11-29,US,United States of America,AMRO,50165,48024129,212,775156,11,2021,2021-11
2021-11-30,US,United States of America,AMRO,54071,48078200,188,775344,11,2021,2021-11
2021-12-01,US,United States of America,AMRO,97695,48175895,1664,777008,12,2021,2021-12
2021-12-02,US,United States of America,AMRO,121050,48296945,1618,778626,12,2021,2021-12
2021-12-03,US,United States of America,AMRO,132672,48429617,1716,780342,12,2021,2021-12
2021-12-04,US,United States of America,AMRO,143684,48573301,1238,781580,12,2021,2021-12
2021-12-05,US,United States of America,AMRO,151271,48724572,1646,783226,12,2021,2021-12
2021-12-06,US,United States of America,AMRO,64834,48789406,569,783795,12,2021,2021-12
2021-12-07,US,United States of America,AMRO,53661,48843067,272,784067,12,2021,2021-12
2021-12-08,US,United States of America,AMRO,187772,49030839,1297,785364,12,2021,2021-12
2021-12-09,US,United States of America,AMRO,126065,49156904,1848,787212,12,2021,2021-12
2021-12-10,US,United States of America,AMRO,129753,49286657,1470,788682,12,2021,2021-12
2021-12-11,US,United States of America,AMRO,137044,49423701,1156,789838,12,2021,2021-12
2021-12-12,US,United States of America,AMRO,134326,49558027,1974,791812,12,2021,2021-12
2021-12-13,US,United States of America,AMRO,61892,49619919,491,792303,12,2021,2021-12
2021-12-14,US,United States of America,AMRO,56760,49676679,299,792602,12,2021,2021-12
2021-12-15,US,United States of America,AMRO,189954,49866633,1304,793906,12,2021,2021-12
2021-12-16,US,United States of America,AMRO,126065,49992698,1907,795813,12,2021,2021-12
2021-12-17,US,United States of America,AMRO,146988,50139686,1893,797706,12,2021,2021-12
2021-12-18,US,United States of America,AMRO,162040,50301726,1105,798811,12,2021,2021-12
2021-12-19,US,United States of America,AMRO,161145,50462871,2066,800877,12,2021,2021-12
2021-12-20,US,United States of America,AMRO,84950,50547821,583,801460,12,2021,2021-12
2021-12-21,US,United States of America,AMRO,100204,50648025,274,801734,12,2021,2021-12
2021-12-22,US,United States of America,AMRO,265496,50913521,1442,803176,12,2021,2021-12
2021-12-23,US,United States of America,AMRO,205559,51119080,2274,805450,12,2021,2021-12
2021-12-24,US,United States of America,AMRO,236997,51356077,1827,807277,12,2021,2021-12
2021-12-25,US,United States of America,AMRO,279718,51635795,3177,810454,12,2021,2021-12
2021-12-26,US,United States of America,AMRO,240132,51875927,1361,811815,12,2021,2021-12
2021-12-27,US,United States of America,AMRO,108849,51984776,249,812064,12,2021,2021-12
2021-12-28,US,United States of America,AMRO,206216,52190992,259,812323,12,2021,2021-12
2021-12-29,US,United States of America,AMRO,470059,52661051,1938,814261,12,2021,2021-12
2021-12-30,US,United States of America,AMRO,393762,53054813,2175,816436,12,2021,2021-12
2021-12-31,US,United States of America,AMRO,473094,53527907,1805,818241,12,2021,2021-12
2022-01-01,US,United States of America,AMRO,583432,54111339,1324,819565,01,2022,2022-01
2022-01-02,US,United States of America,AMRO,465614,54576953,1320,820885,01,2022,2022-01
2022-01-03,US,United States of America,AMRO,288180,54865133,409,821294,01,2022,2022-01
2022-01-04,US,United States of America,AMRO,382886,55248019,343,821637,01,2022,2022-01
2022-01-05,US,United States of America,AMRO,921095,56169114,1637,823274,01,2022,2022-01
2022-01-06,US,United States of America,AMRO,726246,56895360,2795,826069,01,2022,2022-01
2022-01-07,US,United States of America,AMRO,699121,57594481,1814,827883,01,2022,2022-01
2022-01-08,US,United States of America,AMRO,785135,58379616,2036,829919,01,2022,2022-01
2022-01-09,US,United States of America,AMRO,843244,59222860,2476,832395,01,2022,2022-01
2022-01-10,US,United States of America,AMRO,429786,59652646,851,833246,01,2022,2022-01
2022-01-11,US,United States of America,AMRO,469971,60122617,656,833902,01,2022,2022-01
2022-01-12,US,United States of America,AMRO,1294784,61417401,1952,835854,01,2022,2022-01
2022-01-13,US,United States of America,AMRO,807579,62224980,3146,839000,01,2022,2022-01
2022-01-14,US,United States of America,AMRO,852425,63077405,2437,841437,01,2022,2022-01
2022-01-15,US,United States of America,AMRO,885583,63962988,2107,843544,01,2022,2022-01
2022-01-16,US,United States of America,AMRO,892053,64855041,2945,846489,01,2022,2022-01
2022-01-17,US,United States of America,AMRO,445011,65300052,1348,847837,01,2022,2022-01
2022-01-18,US,United States of America,AMRO,405045,65705097,808,848645,01,2022,2022-01
2022-01-19,US,United States of America,AMRO,981670,66686767,1410,850055,01,2022,2022-01
2022-01-20,US,United States of America,AMRO,856979,67543746,2593,852648,01,2022,2022-01
2022-01-21,US,United States of America,AMRO,777667,68321413,3205,855853,01,2022,2022-01
2022-01-22,US,United States of America,AMRO,773336,69094749,2815,858668,01,2022,2022-01
2022-01-23,US,United States of America,AMRO,770542,69865291,3797,862465,01,2022,2022-01
2022-01-24,US,United States of America,AMRO,314386,70179677,1172,863637,01,2022,2022-01
2022-01-25,US,United States of America,AMRO,305532,70485209,890,864527,01,2022,2022-01
2022-01-26,US,United States of America,AMRO,1021923,71507132,2714,867241,01,2022,2022-01
2022-01-27,US,United States of America,AMRO,493541,72000673,3468,870709,01,2022,2022-01
2022-01-28,US,United States of America,AMRO,542126,72542799,3333,874042,01,2022,2022-01
2022-01-29,US,United States of America,AMRO,570399,73113198,2822,876864,01,2022,2022-01
2022-01-30,US,United States of America,AMRO,519693,73632891,3524,880388,01,2022,2022-01
2022-01-31,US,United States of America,AMRO,214510,73847401,1455,881843,01,2022,2022-01
2022-02-01,US,United States of America,AMRO,153117,74000518,864,882707,02,2022,2022-02
2022-02-02,US,United States of America,AMRO,581269,74581787,2680,885387,02,2022,2022-02
2022-02-03,US,United States of America,AMRO,295890,74877677,4107,889494,02,2022,2022-02
2022-02-04,US,United States of America,AMRO,301794,75179471,3121,892615,02,2022,2022-02
2022-02-05,US,United States of America,AMRO,348530,75528001,2648,895263,02,2022,2022-02
2022-02-06,US,United States of America,AMRO,281545,75809546,3325,898588,02,2022,2022-02
2022-02-07,US,United States of America,AMRO,101165,75910711,1168,899756,02,2022,2022-02
2022-02-08,US,United States of America,AMRO,93668,76004379,623,900379,02,2022,2022-02
2022-02-09,US,United States of America,AMRO,309454,76313833,3193,903572,02,2022,2022-02
2022-02-10,US,United States of America,AMRO,196659,76510492,3688,907260,02,2022,2022-02
2022-02-11,US,United States of America,AMRO,195692,76706184,2933,910193,02,2022,2022-02
2022-02-12,US,United States of America,AMRO,165368,76871552,2488,912681,02,2022,2022-02
2022-02-13,US,United States of America,AMRO,155046,77026598,2816,915497,02,2022,2022-02
2022-02-14,US,United States of America,AMRO,65447,77092045,919,916416,02,2022,2022-02
2022-02-15,US,United States of America,AMRO,46550,77138595,640,917056,02,2022,2022-02
2022-02-16,US,United States of America,AMRO,176958,77315553,2865,919921,02,2022,2022-02
2022-02-17,US,United States of America,AMRO,108826,77424379,3314,923235,02,2022,2022-02
2022-02-18,US,United States of America,AMRO,105747,77530126,2593,925828,02,2022,2022-02
2022-02-19,US,United States of America,AMRO,98349,77628475,2225,928053,02,2022,2022-02
2022-02-20,US,United States of America,AMRO,106391,77734866,2216,930269,02,2022,2022-02
2022-02-21,US,United States of America,AMRO,39577,77774443,669,930938,02,2022,2022-02
2022-02-22,US,United States of America,AMRO,30325,77804768,504,931442,02,2022,2022-02
2022-02-23,US,United States of America,AMRO,47083,77851851,1039,932481,02,2022,2022-02
2022-02-24,US,United States of America,AMRO,119336,77971187,3201,935682,02,2022,2022-02
2022-02-25,US,United States of America,AMRO,74051,78045238,2513,938195,02,2022,2022-02
2022-02-26,US,United States of America,AMRO,75748,78120986,2385,940580,02,2022,2022-02
2022-02-27,US,United States of America,AMRO,74348,78195334,2267,942847,02,2022,2022-02
2022-02-28,US,United States of America,AMRO,24602,78219936,482,943329,02,2022,2022-02
2022-03-01,US,United States of America,AMRO,17483,78237419,288,943617,03,2022,2022-03
2022-03-02,US,United States of America,AMRO,78024,78315443,2112,945729,03,2022,2022-03
2022-03-03,US,United States of America,AMRO,64186,78379629,1898,947627,03,2022,2022-03
2022-03-04,US,United States of America,AMRO,54437,78434066,1488,949115,03,2022,2022-03
2022-03-05,US,United States of America,AMRO,52300,78486366,1269,950384,03,2022,2022-03
2022-03-06,US,United States of America,AMRO,45952,78532318,1502,951886,03,2022,2022-03
2022-03-07,US,United States of America,AMRO,13051,78545369,252,952138,03,2022,2022-03
2022-03-08,US,United States of America,AMRO,8026,78553395,273,952411,03,2022,2022-03
2022-03-09,US,United States of America,AMRO,61889,78615284,1528,953939,03,2022,2022-03
2022-03-10,US,United States of America,AMRO,32371,78647655,1669,955608,03,2022,2022-03
2022-03-11,US,United States of America,AMRO,49251,78696906,1942,957550,03,2022,2022-03
2022-03-12,US,United States of America,AMRO,42517,78739423,1294,958844,03,2022,2022-03
2022-03-13,US,United States of America,AMRO,47586,78787009,1742,960586,03,2022,2022-03
2022-03-14,US,United States of America,AMRO,6907,78793916,117,960703,03,2022,2022-03
2022-03-15,US,United States of America,AMRO,0,78793916,0,960703,03,2022,2022-03
2022-03-16,US,United States of America,AMRO,71241,78865157,-2094,958609,03,2022,2022-03
2022-03-17,US,United States of America,AMRO,26331,78891488,1585,960194,03,2022,2022-03
2022-03-18,US,United States of America,AMRO,40834,78932322,741,960935,03,2022,2022-03
2022-03-19,US,United States of America,AMRO,35744,78968066,2193,963128,03,2022,2022-03
2022-03-20,US,United States of America,AMRO,31694,78999760,1070,964198,03,2022,2022-03
2022-03-21,US,United States of America,AMRO,0,78999760,0,964198,03,2022,2022-03
